Learn Python - Full Course for Beginners [Tutorial],https://www.youtube.com/watch?v=rfscVS0vtbw&list=PLWKjhJtqVAbnqBxcdjVGgT3uVR10bzTEB&index=1,https://i.ytimg.com/vi/rfscVS0vtbw/hqdefault.jpg?sqp=-oaymwEXCNACELwBSFryq4qpAwkIARUAAIhCGAE=&rs=AOn4CLCW4ZZOYLSNNVf24abo7xGciNY8cw
Learn Python - Full Course for Beginners [Tutorial],https://www.youtube.com/watch?v=rfscVS0vtbw&list=PLWKjhJtqVAbnqBxcdjVGgT3uVR10bzTEB&index=1,https://i.ytimg.com/vi/rfscVS0vtbw/hqdefault.jpg?sqp=-oaymwEXCNACELwBSFryq4qpAwkIARUAAIhCGAE=&rs=AOn4CLCW4ZZOYLSNNVf24abo7xGciNY8cw
Learn Python - Full Course for Beginners [Tutorial],https://www.youtube.com/watch?v=rfscVS0vtbw&list=PLWKjhJtqVAbnqBxcdjVGgT3uVR10bzTEB&index=1,https://i.ytimg.com/vi/rfscVS0vtbw/hqdefault.jpg?sqp=-oaymwEXCNACELwBSFryq4qpAwkIARUAAIhCGAE=&rs=AOn4CLCW4ZZOYLSNNVf24abo7xGciNY8cw
Learn Python - Full Course for Beginners [Tutorial],https://www.youtube.com/watch?v=rfscVS0vtbw&list=PLWKjhJtqVAbnqBxcdjVGgT3uVR10bzTEB&index=1,https://i.ytimg.com/vi/rfscVS0vtbw/hqdefault.jpg?sqp=-oaymwEXCNACELwBSFryq4qpAwkIARUAAIhCGAE=&rs=AOn4CLCW4ZZOYLSNNVf24abo7xGciNY8cw
Learn Python - Full Course for Beginners [Tutorial],https://www.youtube.com/watch?v=rfscVS0vtbw&list=PLWKjhJtqVAbnqBxcdjVGgT3uVR10bzTEB&index=1,https://i.ytimg.com/vi/rfscVS0vtbw/hqdefault.jpg?sqp=-oaymwEXCNACELwBSFryq4qpAwkIARUAAIhCGAE=&rs=AOn4CLCW4ZZOYLSNNVf24abo7xGciNY8cw
Learn Python - Full Course for Beginners [Tutorial],https://www.youtube.com/watch?v=rfscVS0vtbw&list=PLWKjhJtqVAbnqBxcdjVGgT3uVR10bzTEB&index=1,https://i.ytimg.com/vi/rfscVS0vtbw/hqdefault.jpg?sqp=-oaymwEXCNACELwBSFryq4qpAwkIARUAAIhCGAE=&rs=AOn4CLCW4ZZOYLSNNVf24abo7xGciNY8cw
Learn Python - Full Course for Beginners [Tutorial],https://www.youtube.com/watch?v=rfscVS0vtbw&list=PLWKjhJtqVAbnqBxcdjVGgT3uVR10bzTEB&index=1,https://i.ytimg.com/vi/rfscVS0vtbw/hqdefault.jpg?sqp=-oaymwEXCNACELwBSFryq4qpAwkIARUAAIhCGAE=&rs=AOn4CLCW4ZZOYLSNNVf24abo7xGciNY8cw
Learn Python - Full Course for Beginners [Tutorial],https://www.youtube.com/watch?v=rfscVS0vtbw&list=PLWKjhJtqVAbnqBxcdjVGgT3uVR10bzTEB&index=1,https://i.ytimg.com/vi/rfscVS0vtbw/hqdefault.jpg?sqp=-oaymwEXCNACELwBSFryq4qpAwkIARUAAIhCGAE=&rs=AOn4CLCW4ZZOYLSNNVf24abo7xGciNY8cw
Learn Python - Full Course for Beginners [Tutorial],https://www.youtube.com/watch?v=rfscVS0vtbw&list=PLWKjhJtqVAbnqBxcdjVGgT3uVR10bzTEB&index=1,https://i.ytimg.com/vi/rfscVS0vtbw/hqdefault.jpg?sqp=-oaymwEXCNACELwBSFryq4qpAwkIARUAAIhCGAE=&rs=AOn4CLCW4ZZOYLSNNVf24abo7xGciNY8cw
Learn Python - Full Course for Beginners [Tutorial],https://www.youtube.com/watch?v=rfscVS0vtbw&list=PLWKjhJtqVAbnqBxcdjVGgT3uVR10bzTEB&index=1,https://i.ytimg.com/vi/rfscVS0vtbw/hqdefault.jpg?sqp=-oaymwEXCNACELwBSFryq4qpAwkIARUAAIhCGAE=&rs=AOn4CLCW4ZZOYLSNNVf24abo7xGciNY8cw
Learn Python - Full Course for Beginners [Tutorial],https://www.youtube.com/watch?v=rfscVS0vtbw&list=PLWKjhJtqVAbnqBxcdjVGgT3uVR10bzTEB&index=1,https://i.ytimg.com/vi/rfscVS0vtbw/hqdefault.jpg?sqp=-oaymwEXCNACELwBSFryq4qpAwkIARUAAIhCGAE=&rs=AOn4CLCW4ZZOYLSNNVf24abo7xGciNY8cw
Learn Python - Full Course for Beginners [Tutorial],https://www.youtube.com/watch?v=rfscVS0vtbw&list=PLWKjhJtqVAbnqBxcdjVGgT3uVR10bzTEB&index=1,https://i.ytimg.com/vi/rfscVS0vtbw/hqdefault.jpg?sqp=-oaymwEXCNACELwBSFryq4qpAwkIARUAAIhCGAE=&rs=AOn4CLCW4ZZOYLSNNVf24abo7xGciNY8cw
Learn Python - Full Course for Beginners [Tutorial],https://www.youtube.com/watch?v=rfscVS0vtbw&list=PLWKjhJtqVAbnqBxcdjVGgT3uVR10bzTEB&index=1,https://i.ytimg.com/vi/rfscVS0vtbw/hqdefault.jpg?sqp=-oaymwEXCNACELwBSFryq4qpAwkIARUAAIhCGAE=&rs=AOn4CLCW4ZZOYLSNNVf24abo7xGciNY8cw
Learn Python - Full Course for Beginners [Tutorial],https://www.youtube.com/watch?v=rfscVS0vtbw&list=PLWKjhJtqVAbnqBxcdjVGgT3uVR10bzTEB&index=1,https://i.ytimg.com/vi/rfscVS0vtbw/hqdefault.jpg?sqp=-oaymwEXCNACELwBSFryq4qpAwkIARUAAIhCGAE=&rs=AOn4CLCW4ZZOYLSNNVf24abo7xGciNY8cw
Learn Python - Full Course for Beginners [Tutorial],https://www.youtube.com/watch?v=rfscVS0vtbw&list=PLWKjhJtqVAbnqBxcdjVGgT3uVR10bzTEB&index=1,https://i.ytimg.com/vi/rfscVS0vtbw/hqdefault.jpg?sqp=-oaymwEXCNACELwBSFryq4qpAwkIARUAAIhCGAE=&rs=AOn4CLCW4ZZOYLSNNVf24abo7xGciNY8cw
Learn Python - Full Course for Beginners [Tutorial],https://www.youtube.com/watch?v=rfscVS0vtbw&list=PLWKjhJtqVAbnqBxcdjVGgT3uVR10bzTEB&index=1,https://i.ytimg.com/vi/rfscVS0vtbw/hqdefault.jpg?sqp=-oaymwEXCNACELwBSFryq4qpAwkIARUAAIhCGAE=&rs=AOn4CLCW4ZZOYLSNNVf24abo7xGciNY8cw
Learn Python - Full Course for Beginners [Tutorial],https://www.youtube.com/watch?v=rfscVS0vtbw&list=PLWKjhJtqVAbnqBxcdjVGgT3uVR10bzTEB&index=1,https://i.ytimg.com/vi/rfscVS0vtbw/hqdefault.jpg?sqp=-oaymwEXCNACELwBSFryq4qpAwkIARUAAIhCGAE=&rs=AOn4CLCW4ZZOYLSNNVf24abo7xGciNY8cw
Learn Python - Full Course for Beginners [Tutorial],https://www.youtube.com/watch?v=rfscVS0vtbw&list=PLWKjhJtqVAbnqBxcdjVGgT3uVR10bzTEB&index=1,https://i.ytimg.com/vi/rfscVS0vtbw/hqdefault.jpg?sqp=-oaymwEXCNACELwBSFryq4qpAwkIARUAAIhCGAE=&rs=AOn4CLCW4ZZOYLSNNVf24abo7xGciNY8cw
Learn Python - Full Course for Beginners [Tutorial],https://www.youtube.com/watch?v=rfscVS0vtbw&list=PLWKjhJtqVAbnqBxcdjVGgT3uVR10bzTEB&index=1,https://i.ytimg.com/vi/rfscVS0vtbw/hqdefault.jpg?sqp=-oaymwEXCNACELwBSFryq4qpAwkIARUAAIhCGAE=&rs=AOn4CLCW4ZZOYLSNNVf24abo7xGciNY8cw
Learn Python - Full Course for Beginners [Tutorial],https://www.youtube.com/watch?v=rfscVS0vtbw&list=PLWKjhJtqVAbnqBxcdjVGgT3uVR10bzTEB&index=1,https://i.ytimg.com/vi/rfscVS0vtbw/hqdefault.jpg?sqp=-oaymwEXCNACELwBSFryq4qpAwkIARUAAIhCGAE=&rs=AOn4CLCW4ZZOYLSNNVf24abo7xGciNY8cw
Learn Python - Full Course for Beginners [Tutorial],https://www.youtube.com/watch?v=rfscVS0vtbw&list=PLWKjhJtqVAbnqBxcdjVGgT3uVR10bzTEB&index=1,https://i.ytimg.com/vi/rfscVS0vtbw/hqdefault.jpg?sqp=-oaymwEXCNACELwBSFryq4qpAwkIARUAAIhCGAE=&rs=AOn4CLCW4ZZOYLSNNVf24abo7xGciNY8cw
Learn Python - Full Course for Beginners [Tutorial],https://www.youtube.com/watch?v=rfscVS0vtbw&list=PLWKjhJtqVAbnqBxcdjVGgT3uVR10bzTEB&index=1,https://i.ytimg.com/vi/rfscVS0vtbw/hqdefault.jpg?sqp=-oaymwEXCNACELwBSFryq4qpAwkIARUAAIhCGAE=&rs=AOn4CLCW4ZZOYLSNNVf24abo7xGciNY8cw
Learn Python - Full Course for Beginners [Tutorial],https://www.youtube.com/watch?v=rfscVS0vtbw&list=PLWKjhJtqVAbnqBxcdjVGgT3uVR10bzTEB&index=1,https://i.ytimg.com/vi/rfscVS0vtbw/hqdefault.jpg?sqp=-oaymwEXCNACELwBSFryq4qpAwkIARUAAIhCGAE=&rs=AOn4CLCW4ZZOYLSNNVf24abo7xGciNY8cw
Learn Python - Full Course for Beginners [Tutorial],https://www.youtube.com/watch?v=rfscVS0vtbw&list=PLWKjhJtqVAbnqBxcdjVGgT3uVR10bzTEB&index=1,https://i.ytimg.com/vi/rfscVS0vtbw/hqdefault.jpg?sqp=-oaymwEXCNACELwBSFryq4qpAwkIARUAAIhCGAE=&rs=AOn4CLCW4ZZOYLSNNVf24abo7xGciNY8cw
Learn Python - Full Course for Beginners [Tutorial],https://www.youtube.com/watch?v=rfscVS0vtbw&list=PLWKjhJtqVAbnqBxcdjVGgT3uVR10bzTEB&index=1,https://i.ytimg.com/vi/rfscVS0vtbw/hqdefault.jpg?sqp=-oaymwEXCNACELwBSFryq4qpAwkIARUAAIhCGAE=&rs=AOn4CLCW4ZZOYLSNNVf24abo7xGciNY8cw
Learn Python - Full Course for Beginners [Tutorial],https://www.youtube.com/watch?v=rfscVS0vtbw&list=PLWKjhJtqVAbnqBxcdjVGgT3uVR10bzTEB&index=1,https://i.ytimg.com/vi/rfscVS0vtbw/hqdefault.jpg?sqp=-oaymwEXCNACELwBSFryq4qpAwkIARUAAIhCGAE=&rs=AOn4CLCW4ZZOYLSNNVf24abo7xGciNY8cw
